timestamp,sunlight,wind,hydro,solar_kw,wind_kw,hydro_kw
2026-02-05T16:48:58.714000,80.0,8.0,50.0,800.0,0.51,450.0
2026-02-05T16:49:01.691846,80.0,8.0,50.0,800.0,0.51,450.0
2026-02-05T16:49:04.697522,80.0,8.0,50.0,800.0,0.51,450.0
2026-02-05T16:49:07.691420,80.0,8.0,50.0,800.0,0.51,450.0
2026-02-05T16:49:10.694464,80.0,8.0,50.0,800.0,0.51,450.0
2026-02-05T16:49:13.693231,80.0,8.0,50.0,800.0,0.51,450.0
2026-02-05T16:49:16.708516,80.0,8.0,50.0,800.0,0.51,450.0
2026-02-05T16:49:19.022100,80.0,8.0,50.0,800.0,0.51,450.0
2026-02-05T16:49:21.284941,80.0,8.0,50.0,800.0,0.51,450.0
2026-02-05T16:49:23.561356,80.0,8.0,50.0,800.0,0.51,450.0
2026-02-05T16:49:25.919331,80.0,8.0,50.0,800.0,0.51,450.0
2026-02-05T16:49:28.196787,80.0,8.0,50.0,800.0,0.51,450.0
2026-02-05T16:49:30.472580,80.0,8.0,50.0,800.0,0.51,450.0
2026-02-05T16:49:32.737376,80.0,8.0,50.0,800.0,0.51,450.0
2026-02-05T16:49:35.002376,80.0,8.0,50.0,800.0,0.51,450.0
2026-02-05T16:49:37.283476,80.0,8.0,50.0,800.0,0.51,450.0
2026-02-05T16:49:39.582303,80.0,8.0,50.0,800.0,0.51,450.0
2026-02-05T16:49:42.701474,80.0,8.0,50.0,800.0,0.51,450.0
2026-02-05T16:49:45.699203,80.0,8.0,50.0,800.0,0.51,450.0
2026-02-05T16:49:48.701140,80.0,8.0,50.0,800.0,0.51,450.0
2026-02-05T16:49:51.694170,80.0,8.0,50.0,800.0,0.51,450.0
2026-02-05T16:49:54.697437,80.0,8.0,50.0,800.0,0.51,450.0
2026-02-05T16:49:57.701959,80.0,8.0,50.0,800.0,0.51,450.0
2026-02-05T16:50:00.702554,80.0,8.0,50.0,800.0,0.51,450.0
2026-02-05T16:50:03.689029,80.0,8.0,50.0,800.0,0.51,450.0
2026-02-05T16:50:06.698607,80.0,8.0,50.0,800.0,0.51,450.0
2026-02-05T16:50:09.690208,80.0,8.0,50.0,800.0,0.51,450.0
2026-02-05T16:50:12.701057,80.0,8.0,50.0,800.0,0.51,450.0
2026-02-05T16:50:15.700440,80.0,8.0,50.0,800.0,0.51,450.0
2026-02-05T16:50:18.701764,80.0,8.0,50.0,800.0,0.51,450.0
2026-02-05T16:50:21.695824,80.0,8.0,50.0,800.0,0.51,450.0
2026-02-05T16:50:24.710524,80.0,8.0,50.0,800.0,0.51,450.0
2026-02-05T16:50:27.699207,80.0,8.0,50.0,800.0,0.51,450.0
2026-02-05T16:50:30.693258,80.0,8.0,50.0,800.0,0.51,450.0
2026-02-05T16:50:33.688256,80.0,8.0,50.0,800.0,0.51,450.0
2026-02-05T16:50:36.700645,80.0,8.0,50.0,800.0,0.51,450.0
2026-02-05T16:50:39.692219,80.0,8.0,50.0,800.0,0.51,450.0
2026-02-05T16:50:42.698351,80.0,8.0,50.0,800.0,0.51,450.0
2026-02-05T16:50:45.691313,80.0,8.0,50.0,800.0,0.51,450.0
2026-02-05T16:50:48.719774,80.0,8.0,50.0,800.0,0.51,450.0
2026-02-05T16:50:51.695327,80.0,8.0,50.0,800.0,0.51,450.0
2026-02-05T16:50:54.699673,80.0,8.0,50.0,800.0,0.51,450.0
2026-02-05T16:50:57.698572,80.0,8.0,50.0,800.0,0.51,450.0
2026-02-05T16:51:00.706505,80.0,8.0,50.0,800.0,0.51,450.0
2026-02-05T16:51:04.699891,80.0,8.0,50.0,800.0,0.51,450.0
2026-02-05T16:51:07.704325,80.0,8.0,50.0,800.0,0.51,450.0
2026-02-05T16:51:10.697578,80.0,8.0,50.0,800.0,0.51,450.0
2026-02-05T16:51:13.701833,80.0,8.0,50.0,800.0,0.51,450.0
2026-02-05T16:51:16.740237,80.0,8.0,50.0,800.0,0.51,450.0
2026-02-05T16:51:19.708756,80.0,8.0,50.0,800.0,0.51,450.0
2026-02-05T16:51:22.697367,80.0,8.0,50.0,800.0,0.51,450.0
2026-02-05T16:51:25.694060,80.0,8.0,50.0,800.0,0.51,450.0
2026-02-05T16:51:28.697228,80.0,8.0,50.0,800.0,0.51,450.0
2026-02-05T16:51:31.694051,80.0,8.0,50.0,800.0,0.51,450.0
2026-02-05T16:51:34.695670,80.0,8.0,50.0,800.0,0.51,450.0
2026-02-05T16:51:37.704050,80.0,8.0,50.0,800.0,0.51,450.0
2026-02-05T16:51:40.691353,80.0,8.0,50.0,800.0,0.51,450.0
2026-02-05T16:55:49.578883,80.0,8.0,50.0,800.0,0.51,450.0
2026-02-05T16:55:51.891756,80.0,8.0,50.0,800.0,0.51,450.0
2026-02-05T16:55:54.115358,80.0,8.0,50.0,800.0,0.51,450.0
2026-02-05T16:55:56.297803,80.0,8.0,50.0,800.0,0.51,450.0
2026-02-05T16:55:58.689422,80.0,8.0,50.0,800.0,0.51,450.0
2026-02-05T16:56:01.710161,80.0,8.0,50.0,800.0,0.51,450.0
2026-02-05T16:56:04.698201,80.0,8.0,50.0,800.0,0.51,450.0
2026-02-05T16:56:07.702825,80.0,8.0,50.0,800.0,0.51,450.0
2026-02-05T16:56:10.692522,80.0,8.0,50.0,800.0,0.51,450.0
2026-02-05T16:56:13.703555,80.0,8.0,50.0,800.0,0.51,450.0
2026-02-05T16:56:16.700466,80.0,8.0,50.0,800.0,0.51,450.0
2026-02-05T16:56:19.701340,80.0,8.0,50.0,800.0,0.51,450.0
2026-02-05T16:56:22.692324,80.0,8.0,50.0,800.0,0.51,450.0
2026-02-05T16:56:25.702255,80.0,8.0,50.0,800.0,0.51,450.0
2026-02-05T16:56:28.694303,80.0,8.0,50.0,800.0,0.51,450.0
2026-02-05T16:56:31.703161,80.0,8.0,50.0,800.0,0.51,450.0
2026-02-05T16:56:34.686339,80.0,8.0,50.0,800.0,0.51,450.0
2026-02-05T16:56:37.696577,80.0,8.0,50.0,800.0,0.51,450.0
2026-02-05T16:56:40.696848,80.0,8.0,50.0,800.0,0.51,450.0
2026-02-05T16:56:43.710396,80.0,8.0,50.0,800.0,0.51,450.0
2026-02-05T16:56:46.697475,80.0,8.0,50.0,800.0,0.51,450.0
2026-02-05T16:56:49.708556,80.0,8.0,50.0,800.0,0.51,450.0
2026-02-05T16:56:52.695313,80.0,8.0,50.0,800.0,0.51,450.0
2026-02-05T16:56:55.696971,80.0,8.0,50.0,800.0,0.51,450.0
2026-02-05T16:56:58.688814,80.0,8.0,50.0,800.0,0.51,450.0
2026-02-05T16:57:01.703664,80.0,8.0,50.0,800.0,0.51,450.0
2026-02-05T16:57:04.697288,80.0,8.0,50.0,800.0,0.51,450.0
2026-02-05T16:57:07.706220,80.0,8.0,50.0,800.0,0.51,450.0
2026-02-05T16:57:10.698368,80.0,8.0,50.0,800.0,0.51,450.0
2026-02-05T16:57:13.697377,80.0,8.0,50.0,800.0,0.51,450.0
2026-02-05T16:57:16.692316,80.0,8.0,50.0,800.0,0.51,450.0
2026-02-05T16:57:19.704832,80.0,8.0,50.0,800.0,0.51,450.0
2026-02-05T16:57:22.693146,80.0,8.0,50.0,800.0,0.51,450.0
2026-02-05T16:57:25.697530,80.0,8.0,50.0,800.0,0.51,450.0
2026-02-05T16:57:30.709314,80.0,8.0,50.0,800.0,0.51,450.0
2026-02-05T16:57:33.698925,80.0,8.0,50.0,800.0,0.51,450.0
2026-02-05T16:57:36.700560,80.0,8.0,50.0,800.0,0.51,450.0
2026-02-05T16:57:39.698822,80.0,8.0,50.0,800.0,0.51,450.0
2026-02-05T16:57:42.705937,80.0,8.0,50.0,800.0,0.51,450.0
2026-02-05T16:57:45.698268,80.0,8.0,50.0,800.0,0.51,450.0
2026-02-05T16:57:48.706690,80.0,8.0,50.0,800.0,0.51,450.0
2026-02-05T16:57:51.685975,80.0,8.0,50.0,800.0,0.51,450.0
2026-02-05T16:57:54.701128,80.0,8.0,50.0,800.0,0.51,450.0
2026-02-05T16:57:57.691947,80.0,8.0,50.0,800.0,0.51,450.0
2026-02-05T16:58:01.694322,80.0,8.0,50.0,800.0,0.51,450.0
2026-02-05T16:58:06.692751,80.0,8.0,50.0,800.0,0.51,450.0
2026-02-05T16:58:09.699958,80.0,8.0,50.0,800.0,0.51,450.0
2026-02-05T16:58:12.689696,80.0,8.0,50.0,800.0,0.51,450.0
2026-02-05T16:58:14.687654,80.0,8.0,50.0,800.0,0.51,450.0
2026-02-05T16:58:16.693444,80.0,8.0,50.0,800.0,0.51,450.0
2026-02-05T16:58:18.707269,80.0,8.0,50.0,800.0,0.51,450.0
2026-02-05T16:58:20.692216,80.0,8.0,50.0,800.0,0.51,450.0
2026-02-05T16:58:24.216999,80.0,8.0,50.0,800.0,0.51,450.0
2026-02-05T16:58:26.862868,80.0,8.0,50.0,800.0,0.51,450.0
2026-02-05T16:58:28.756654,80.0,8.0,50.0,800.0,0.51,450.0
2026-02-05T16:58:30.939032,80.0,8.0,50.0,800.0,0.51,450.0
2026-02-05T16:59:02.081194,80.0,8.0,50.0,800.0,0.51,450.0
2026-02-05T16:59:03.944957,80.0,8.0,50.0,800.0,0.51,450.0
2026-02-05T16:59:05.946331,80.0,8.0,50.0,800.0,0.51,450.0
2026-02-05T16:59:07.942307,80.0,8.0,50.0,800.0,0.51,450.0
2026-02-05T17:08:39.631127,80.0,8.0,50.0,800.0,0.51,450.0
2026-02-05T17:10:56.722225,80.0,8.0,50.0,800.0,0.51,450.0
2026-02-05T17:11:19.910516,80.0,8.0,50.0,800.0,0.51,450.0
2026-02-05T17:21:04.701747,80.0,8.0,50.0,800.0,0.51,450.0
2026-02-05T17:21:16.290418,80.0,8.0,50.0,800.0,0.51,450.0
2026-02-05T17:21:18.591023,80.0,8.0,50.0,800.0,0.51,450.0
2026-02-05T17:21:20.859989,80.0,8.0,50.0,800.0,0.51,450.0
2026-02-05T17:21:23.131106,80.0,8.0,50.0,800.0,0.51,450.0
2026-02-05T17:21:25.378068,80.0,8.0,50.0,800.0,0.51,450.0
2026-02-05T17:21:27.627174,80.0,8.0,50.0,800.0,0.51,450.0
2026-02-05T17:21:30.704347,80.0,8.0,50.0,800.0,0.51,450.0
2026-02-05T17:21:33.693783,80.0,8.0,50.0,800.0,0.51,450.0
2026-02-05T17:21:36.703148,80.0,8.0,50.0,800.0,0.51,450.0
2026-02-05T17:21:39.692962,80.0,8.0,50.0,800.0,0.51,450.0
2026-02-05T17:21:42.695545,80.0,8.0,50.0,800.0,0.51,450.0
2026-02-05T17:21:45.708170,80.0,8.0,50.0,800.0,0.51,450.0
2026-02-05T17:21:48.696297,80.0,8.0,50.0,800.0,0.51,450.0
2026-02-05T17:21:51.699584,80.0,8.0,50.0,800.0,0.51,450.0
2026-02-05T17:21:54.699565,80.0,8.0,50.0,800.0,0.51,450.0
2026-02-05T17:21:57.688048,80.0,8.0,50.0,800.0,0.51,450.0
2026-02-05T17:22:00.714131,80.0,8.0,50.0,800.0,0.51,450.0
2026-02-05T17:22:03.699353,80.0,8.0,50.0,800.0,0.51,450.0
2026-02-05T17:22:06.704548,80.0,8.0,50.0,800.0,0.51,450.0
2026-02-05T17:22:09.687413,80.0,8.0,50.0,800.0,0.51,450.0
2026-02-05T17:22:12.708902,80.0,8.0,50.0,800.0,0.51,450.0
2026-02-05T17:22:15.690132,80.0,8.0,50.0,800.0,0.51,450.0
2026-02-05T17:22:18.708178,80.0,8.0,50.0,800.0,0.51,450.0
2026-02-05T17:22:21.689435,80.0,8.0,50.0,800.0,0.51,450.0
2026-02-05T17:22:24.702435,80.0,8.0,50.0,800.0,0.51,450.0
2026-02-05T17:22:27.695588,80.0,8.0,50.0,800.0,0.51,450.0
2026-02-05T17:22:30.717348,80.0,8.0,50.0,800.0,0.51,450.0
2026-02-05T17:22:33.700797,80.0,8.0,50.0,800.0,0.51,450.0
2026-02-05T17:22:36.698228,80.0,8.0,50.0,800.0,0.51,450.0
2026-02-05T17:22:39.698573,80.0,8.0,50.0,800.0,0.51,450.0
2026-02-05T17:22:42.705326,80.0,8.0,50.0,800.0,0.51,450.0
2026-02-05T17:22:45.695046,80.0,8.0,50.0,800.0,0.51,450.0
2026-02-05T17:22:48.717826,80.0,8.0,50.0,800.0,0.51,450.0
2026-02-05T17:22:51.693385,80.0,8.0,50.0,800.0,0.51,450.0
2026-02-05T17:22:54.712701,80.0,8.0,50.0,800.0,0.51,450.0
2026-02-05T17:22:57.688553,80.0,8.0,50.0,800.0,0.51,450.0
2026-02-05T17:23:00.700775,80.0,8.0,50.0,800.0,0.51,450.0
2026-02-05T17:23:03.690765,80.0,8.0,50.0,800.0,0.51,450.0
2026-02-05T17:23:06.706122,80.0,8.0,50.0,800.0,0.51,450.0
2026-02-05T17:23:09.692279,80.0,8.0,50.0,800.0,0.51,450.0
2026-02-05T17:23:12.698459,80.0,8.0,50.0,800.0,0.51,450.0
2026-02-05T17:23:15.693677,80.0,8.0,50.0,800.0,0.51,450.0
2026-02-05T17:23:18.710888,80.0,8.0,50.0,800.0,0.51,450.0
2026-02-05T17:23:21.693000,80.0,8.0,50.0,800.0,0.51,450.0
2026-02-05T17:23:24.700435,80.0,8.0,50.0,800.0,0.51,450.0
2026-02-05T17:23:27.696178,80.0,8.0,50.0,800.0,0.51,450.0
2026-02-05T17:23:30.704726,80.0,8.0,50.0,800.0,0.51,450.0
2026-02-05T17:23:33.698727,80.0,8.0,50.0,800.0,0.51,450.0
2026-02-05T17:23:36.064409,80.0,8.0,50.0,800.0,0.51,450.0
2026-02-05T17:23:38.400701,80.0,8.0,50.0,800.0,0.51,450.0
2026-02-05T17:23:40.666644,80.0,8.0,50.0,800.0,0.51,450.0
2026-02-05T17:23:43.701003,80.0,8.0,50.0,800.0,0.51,450.0
2026-02-05T17:23:46.046489,80.0,8.0,50.0,800.0,0.51,450.0
2026-02-05T17:23:48.689688,80.0,8.0,50.0,800.0,0.51,450.0
2026-02-05T17:23:51.704900,80.0,8.0,50.0,800.0,0.51,450.0
2026-02-05T17:23:54.698726,80.0,8.0,50.0,800.0,0.51,450.0
2026-02-05T17:23:57.715071,80.0,8.0,50.0,800.0,0.51,450.0
2026-02-05T17:24:00.687822,80.0,8.0,50.0,800.0,0.51,450.0
2026-02-05T17:24:03.719305,80.0,8.0,50.0,800.0,0.51,450.0
2026-02-05T17:24:06.689158,80.0,8.0,50.0,800.0,0.51,450.0
2026-02-05T17:24:09.698257,80.0,8.0,50.0,800.0,0.51,450.0
2026-02-05T17:24:12.691568,80.0,8.0,50.0,800.0,0.51,450.0
2026-02-05T17:24:15.700203,80.0,8.0,50.0,800.0,0.51,450.0
2026-02-05T17:24:18.703819,80.0,8.0,50.0,800.0,0.51,450.0
2026-02-05T17:24:21.695013,80.0,8.0,50.0,800.0,0.51,450.0
2026-02-05T17:24:24.691275,80.0,8.0,50.0,800.0,0.51,450.0
2026-02-05T17:24:27.710142,80.0,8.0,50.0,800.0,0.51,450.0
2026-02-05T17:24:30.694365,80.0,8.0,50.0,800.0,0.51,450.0
2026-02-05T17:24:33.705781,80.0,8.0,50.0,800.0,0.51,450.0
2026-02-05T17:24:36.693593,80.0,8.0,50.0,800.0,0.51,450.0
2026-02-05T17:24:41.460400,80.0,8.0,50.0,800.0,0.51,450.0
2026-02-05T17:24:43.727031,80.0,8.0,50.0,800.0,0.51,450.0
2026-02-05T17:24:46.706312,80.0,8.0,50.0,800.0,0.51,450.0
2026-02-05T17:24:49.697461,80.0,8.0,50.0,800.0,0.51,450.0
2026-02-05T17:24:52.703618,80.0,8.0,50.0,800.0,0.51,450.0
2026-02-05T17:24:55.693380,80.0,8.0,50.0,800.0,0.51,450.0
2026-02-05T17:24:58.703853,80.0,8.0,50.0,800.0,0.51,450.0
2026-02-05T17:25:01.689312,80.0,8.0,50.0,800.0,0.51,450.0
2026-02-05T17:25:04.708407,80.0,8.0,50.0,800.0,0.51,450.0
2026-02-05T17:25:07.697340,80.0,8.0,50.0,800.0,0.51,450.0
2026-02-05T17:25:10.698973,80.0,8.0,50.0,800.0,0.51,450.0
2026-02-05T17:25:13.696178,80.0,8.0,50.0,800.0,0.51,450.0
2026-02-05T17:25:16.705379,80.0,8.0,50.0,800.0,0.51,450.0
2026-02-05T17:25:19.695688,80.0,8.0,50.0,800.0,0.51,450.0
2026-02-05T17:25:22.695846,80.0,8.0,50.0,800.0,0.51,450.0
2026-02-05T17:25:25.698314,80.0,8.0,50.0,800.0,0.51,450.0
2026-02-05T17:25:28.702627,80.0,8.0,50.0,800.0,0.51,450.0
2026-02-05T17:25:31.693643,80.0,8.0,50.0,800.0,0.51,450.0
2026-02-05T17:25:34.701419,80.0,8.0,50.0,800.0,0.51,450.0
2026-02-05T17:25:37.688956,80.0,8.0,50.0,800.0,0.51,450.0
2026-02-05T17:25:40.695687,80.0,8.0,50.0,800.0,0.51,450.0
2026-02-05T17:25:43.693696,80.0,8.0,50.0,800.0,0.51,450.0
2026-02-05T17:25:46.704577,80.0,8.0,50.0,800.0,0.51,450.0
2026-02-05T17:25:49.691082,80.0,8.0,50.0,800.0,0.51,450.0
2026-02-05T17:25:52.729562,80.0,8.0,50.0,800.0,0.51,450.0
2026-02-05T17:25:55.687043,80.0,8.0,50.0,800.0,0.51,450.0
2026-02-05T17:25:58.705517,80.0,8.0,50.0,800.0,0.51,450.0
2026-02-05T17:26:01.697219,80.0,8.0,50.0,800.0,0.51,450.0
2026-02-05T17:26:04.705857,80.0,8.0,50.0,800.0,0.51,450.0
2026-02-05T17:26:07.698999,80.0,8.0,50.0,800.0,0.51,450.0
2026-02-05T17:26:10.699998,80.0,8.0,50.0,800.0,0.51,450.0
2026-02-05T17:26:13.687112,80.0,8.0,50.0,800.0,0.51,450.0
2026-02-05T17:26:16.694542,80.0,8.0,50.0,800.0,0.51,450.0
2026-02-05T17:26:20.695223,80.0,8.0,50.0,800.0,0.51,450.0
2026-02-05T17:26:23.693897,80.0,8.0,50.0,800.0,0.51,450.0
2026-02-05T17:26:26.689964,80.0,8.0,50.0,800.0,0.51,450.0
2026-02-05T17:26:29.713393,80.0,8.0,50.0,800.0,0.51,450.0
2026-02-05T17:26:32.694728,80.0,8.0,50.0,800.0,0.51,450.0
2026-02-05T17:26:35.696733,80.0,8.0,50.0,800.0,0.51,450.0
2026-02-05T17:26:38.687670,80.0,8.0,50.0,800.0,0.51,450.0
2026-02-05T17:26:41.701001,80.0,8.0,50.0,800.0,0.51,450.0
2026-02-05T17:26:44.698929,80.0,8.0,50.0,800.0,0.51,450.0
2026-02-05T17:26:47.706590,80.0,8.0,50.0,800.0,0.51,450.0
2026-02-05T17:26:50.689869,80.0,8.0,50.0,800.0,0.51,450.0
2026-02-05T17:26:53.696040,80.0,8.0,50.0,800.0,0.51,450.0
2026-02-05T17:26:56.701524,80.0,8.0,50.0,800.0,0.51,450.0
2026-02-05T17:26:59.697456,80.0,8.0,50.0,800.0,0.51,450.0
2026-02-05T17:27:02.708296,80.0,8.0,50.0,800.0,0.51,450.0
2026-02-05T17:27:05.730904,80.0,8.0,50.0,800.0,0.51,450.0
2026-02-05T17:27:08.688474,80.0,8.0,50.0,800.0,0.51,450.0
2026-02-05T17:29:23.075352,80.0,8.0,50.0,800.0,0.51,450.0
2026-02-05T17:29:25.457601,80.0,8.0,50.0,800.0,0.51,450.0
2026-02-05T17:29:27.734307,80.0,8.0,50.0,800.0,0.51,450.0
2026-02-05T17:29:30.003762,80.0,8.0,50.0,800.0,0.51,450.0
2026-02-05T17:29:32.282549,80.0,8.0,50.0,800.0,0.51,450.0
2026-02-05T17:29:34.563090,80.0,8.0,50.0,800.0,0.51,450.0
2026-02-05T17:29:36.833490,80.0,8.0,50.0,800.0,0.51,450.0
2026-02-05T17:29:39.691290,80.0,8.0,50.0,800.0,0.51,450.0
2026-02-05T17:29:42.699634,80.0,8.0,50.0,800.0,0.51,450.0
2026-02-05T17:29:45.686467,80.0,8.0,50.0,800.0,0.51,450.0
2026-02-05T17:29:48.709370,80.0,8.0,50.0,800.0,0.51,450.0
2026-02-05T17:37:54.445166,80.0,8.0,50.0,800.0,0.51,450.0
2026-02-05T17:37:56.781302,80.0,8.0,50.0,800.0,0.51,450.0
2026-02-05T17:37:59.058113,80.0,8.0,50.0,800.0,0.51,450.0
2026-02-05T17:38:01.721257,80.0,8.0,50.0,800.0,0.51,450.0
2026-02-05T17:38:04.699917,80.0,8.0,50.0,800.0,0.51,450.0
2026-02-05T17:38:07.699798,80.0,8.0,50.0,800.0,0.51,450.0
2026-02-05T17:38:10.692561,80.0,8.0,50.0,800.0,0.51,450.0
2026-02-05T17:38:13.713290,80.0,8.0,50.0,800.0,0.51,450.0
2026-02-05T17:38:16.691279,80.0,8.0,50.0,800.0,0.51,450.0
2026-02-05T17:38:19.695267,80.0,8.0,50.0,800.0,0.51,450.0
2026-02-05T17:38:22.703614,80.0,8.0,50.0,800.0,0.51,450.0
2026-02-05T17:38:25.708541,80.0,8.0,50.0,800.0,0.51,450.0
2026-02-05T17:38:28.765155,80.0,8.0,50.0,800.0,0.51,450.0
2026-02-05T17:38:31.708595,80.0,8.0,50.0,800.0,0.51,450.0
2026-02-05T17:38:34.694805,80.0,8.0,50.0,800.0,0.51,450.0
2026-02-05T17:38:37.702006,80.0,8.0,50.0,800.0,0.51,450.0
2026-02-05T17:38:40.701054,80.0,8.0,50.0,800.0,0.51,450.0
2026-02-05T17:38:43.704822,80.0,8.0,50.0,800.0,0.51,450.0
2026-02-05T17:38:46.693910,80.0,8.0,50.0,800.0,0.51,450.0
2026-02-05T17:38:49.697612,80.0,8.0,50.0,800.0,0.51,450.0
2026-02-05T17:38:52.689179,80.0,8.0,50.0,800.0,0.51,450.0
2026-02-05T17:38:55.701958,80.0,8.0,50.0,800.0,0.51,450.0
2026-02-05T17:38:58.700475,80.0,8.0,50.0,800.0,0.51,450.0
2026-02-05T17:39:01.702578,80.0,8.0,50.0,800.0,0.51,450.0
2026-02-05T17:39:04.699545,80.0,8.0,50.0,800.0,0.51,450.0
2026-02-05T17:39:07.695561,80.0,8.0,50.0,800.0,0.51,450.0
2026-02-05T17:39:10.698437,80.0,8.0,50.0,800.0,0.51,450.0
2026-02-05T17:39:13.699905,80.0,8.0,50.0,800.0,0.51,450.0
2026-02-05T17:39:16.701660,80.0,8.0,50.0,800.0,0.51,450.0
2026-02-05T17:39:19.703864,80.0,8.0,50.0,800.0,0.51,450.0
2026-02-05T17:39:22.721778,80.0,8.0,50.0,800.0,0.51,450.0
2026-02-05T17:39:25.707360,80.0,8.0,50.0,800.0,0.51,450.0
2026-02-05T17:39:28.689199,80.0,8.0,50.0,800.0,0.51,450.0
2026-02-05T17:39:31.699654,80.0,8.0,50.0,800.0,0.51,450.0
2026-02-05T17:39:34.700856,80.0,8.0,50.0,800.0,0.51,450.0
2026-02-05T17:39:37.705936,80.0,8.0,50.0,800.0,0.51,450.0
2026-02-05T17:39:40.694434,80.0,8.0,50.0,800.0,0.51,450.0
2026-02-05T17:39:43.707110,80.0,8.0,50.0,800.0,0.51,450.0
2026-02-05T17:39:46.696896,80.0,8.0,50.0,800.0,0.51,450.0
2026-02-05T17:39:49.704875,80.0,8.0,50.0,800.0,0.51,450.0
2026-02-05T17:39:54.308026,80.0,8.0,50.0,800.0,0.51,450.0
2026-02-05T17:39:56.625126,80.0,8.0,50.0,800.0,0.51,450.0
2026-02-05T17:39:59.700123,80.0,8.0,50.0,800.0,0.51,450.0
2026-02-05T17:40:02.708353,80.0,8.0,50.0,800.0,0.51,450.0
2026-02-05T17:40:05.716827,80.0,8.0,50.0,800.0,0.51,450.0
2026-02-05T17:40:08.699845,80.0,8.0,50.0,800.0,0.51,450.0
2026-02-05T17:40:11.688147,80.0,8.0,50.0,800.0,0.51,450.0
2026-02-05T17:40:14.705891,80.0,8.0,50.0,800.0,0.51,450.0
2026-02-05T17:40:17.687549,80.0,8.0,50.0,800.0,0.51,450.0
2026-02-05T17:40:20.708827,80.0,8.0,50.0,800.0,0.51,450.0
2026-02-05T17:40:23.699668,80.0,8.0,50.0,800.0,0.51,450.0
2026-02-05T17:40:26.698801,80.0,8.0,50.0,800.0,0.51,450.0
2026-02-05T17:40:29.697726,80.0,8.0,50.0,800.0,0.51,450.0
2026-02-05T17:40:32.740359,80.0,8.0,50.0,800.0,0.51,450.0
2026-02-05T17:40:36.698041,80.0,8.0,50.0,800.0,0.51,450.0
2026-02-05T17:40:39.761203,80.0,8.0,50.0,800.0,0.51,450.0
2026-02-05T17:40:42.691140,80.0,8.0,50.0,800.0,0.51,450.0
2026-02-05T17:40:45.712070,80.0,8.0,50.0,800.0,0.51,450.0
2026-02-05T17:40:48.701128,80.0,8.0,50.0,800.0,0.51,450.0
2026-02-05T17:40:51.701561,80.0,8.0,50.0,800.0,0.51,450.0
2026-02-05T17:40:54.705584,80.0,8.0,50.0,800.0,0.51,450.0
2026-02-05T17:40:57.699404,80.0,8.0,50.0,800.0,0.51,450.0
2026-02-05T17:41:00.699486,80.0,8.0,50.0,800.0,0.51,450.0
2026-02-05T17:41:03.697452,80.0,8.0,50.0,800.0,0.51,450.0
2026-02-05T17:41:06.701450,80.0,8.0,50.0,800.0,0.51,450.0
2026-02-05T17:41:09.703168,80.0,8.0,50.0,800.0,0.51,450.0
2026-02-05T17:41:12.689258,80.0,8.0,50.0,800.0,0.51,450.0
2026-02-05T17:41:15.701031,80.0,8.0,50.0,800.0,0.51,450.0
2026-02-05T17:41:18.701378,80.0,8.0,50.0,800.0,0.51,450.0
2026-02-05T17:41:21.706137,80.0,8.0,50.0,800.0,0.51,450.0
2026-02-05T17:41:24.703270,80.0,8.0,50.0,800.0,0.51,450.0
2026-02-05T17:41:27.721482,80.0,8.0,50.0,800.0,0.51,450.0
2026-02-05T17:41:30.694658,80.0,8.0,50.0,800.0,0.51,450.0
2026-02-05T17:41:33.701117,80.0,8.0,50.0,800.0,0.51,450.0
2026-02-05T17:41:36.712672,80.0,8.0,50.0,800.0,0.51,450.0
2026-02-05T17:41:39.713854,80.0,8.0,50.0,800.0,0.51,450.0
2026-02-05T17:41:42.693517,80.0,8.0,50.0,800.0,0.51,450.0
2026-02-05T17:41:45.702553,80.0,8.0,50.0,800.0,0.51,450.0
2026-02-05T17:41:48.702762,80.0,8.0,50.0,800.0,0.51,450.0
2026-02-05T17:41:51.704761,80.0,8.0,50.0,800.0,0.51,450.0
2026-02-05T17:41:54.701849,80.0,8.0,50.0,800.0,0.51,450.0
2026-02-05T17:41:57.697757,80.0,8.0,50.0,800.0,0.51,450.0
2026-02-05T17:42:00.693069,80.0,8.0,50.0,800.0,0.51,450.0
2026-02-05T17:42:03.707611,80.0,8.0,50.0,800.0,0.51,450.0
2026-02-05T17:42:07.695879,80.0,8.0,50.0,800.0,0.51,450.0
2026-02-05T17:42:10.078870,80.0,8.0,50.0,800.0,0.51,450.0
2026-02-05T17:42:12.336549,80.0,8.0,50.0,800.0,0.51,450.0
2026-02-05T17:42:14.701044,80.0,8.0,50.0,800.0,0.51,450.0
2026-02-05T17:42:17.703244,80.0,8.0,50.0,800.0,0.51,450.0
2026-02-05T17:42:20.696614,80.0,8.0,50.0,800.0,0.51,450.0
2026-02-05T17:42:23.698054,80.0,8.0,50.0,800.0,0.51,450.0
2026-02-05T17:42:26.696831,80.0,8.0,50.0,800.0,0.51,450.0
2026-02-05T17:42:29.695283,80.0,8.0,50.0,800.0,0.51,450.0
2026-02-05T17:42:32.690623,80.0,8.0,50.0,800.0,0.51,450.0
2026-02-05T17:42:35.703619,80.0,8.0,50.0,800.0,0.51,450.0
2026-02-05T17:42:38.688764,80.0,8.0,50.0,800.0,0.51,450.0
2026-02-05T17:42:41.697522,80.0,8.0,50.0,800.0,0.51,450.0
2026-02-05T17:42:44.690672,80.0,8.0,50.0,800.0,0.51,450.0
2026-02-05T17:42:47.697983,80.0,8.0,50.0,800.0,0.51,450.0
2026-02-05T17:42:50.700430,80.0,8.0,50.0,800.0,0.51,450.0
2026-02-05T17:42:53.711958,80.0,8.0,50.0,800.0,0.51,450.0
2026-02-05T17:42:56.691908,80.0,8.0,50.0,800.0,0.51,450.0
2026-02-05T17:42:59.700850,80.0,8.0,50.0,800.0,0.51,450.0
2026-02-05T17:43:02.697637,80.0,8.0,50.0,800.0,0.51,450.0
2026-02-05T17:43:05.707455,80.0,8.0,50.0,800.0,0.51,450.0
2026-02-05T17:43:08.698849,80.0,8.0,50.0,800.0,0.51,450.0
2026-02-05T17:43:11.697509,80.0,8.0,50.0,800.0,0.51,450.0
2026-02-05T17:43:16.641899,80.0,8.0,50.0,800.0,0.51,450.0
2026-02-05T17:43:16.729760,80.0,8.0,50.0,800.0,0.51,450.0
2026-02-05T17:43:19.835716,80.0,8.0,50.0,800.0,0.51,450.0
2026-02-05T17:43:22.703343,80.0,8.0,50.0,800.0,0.51,450.0
2026-02-05T17:43:25.695249,80.0,8.0,50.0,800.0,0.51,450.0
2026-02-05T17:43:28.696851,80.0,8.0,50.0,800.0,0.51,450.0
2026-02-05T17:43:31.696182,80.0,8.0,50.0,800.0,0.51,450.0
2026-02-05T17:43:34.694544,80.0,8.0,50.0,800.0,0.51,450.0
2026-02-05T17:43:37.691096,80.0,8.0,50.0,800.0,0.51,450.0
2026-02-05T17:43:40.694422,80.0,8.0,50.0,800.0,0.51,450.0
2026-02-05T17:43:43.687043,80.0,8.0,50.0,800.0,0.51,450.0
2026-02-05T17:43:46.709978,80.0,8.0,50.0,800.0,0.51,450.0
2026-02-05T17:43:49.692981,80.0,8.0,50.0,800.0,0.51,450.0
2026-02-05T17:43:52.697865,80.0,8.0,50.0,800.0,0.51,450.0
2026-02-05T17:43:55.695961,80.0,8.0,50.0,800.0,0.51,450.0
2026-02-05T17:43:58.520463,80.0,8.0,50.0,800.0,0.51,450.0
2026-02-05T17:44:01.698987,80.0,8.0,50.0,800.0,0.51,450.0
2026-02-05T17:44:04.695641,80.0,8.0,50.0,800.0,0.51,450.0
2026-02-05T17:44:07.692992,80.0,8.0,50.0,800.0,0.51,450.0
2026-02-05T17:44:10.698384,80.0,8.0,50.0,800.0,0.51,450.0
2026-02-05T17:44:13.708741,80.0,8.0,50.0,800.0,0.51,450.0
2026-02-05T17:44:16.706103,80.0,8.0,50.0,800.0,0.51,450.0
2026-02-05T17:44:19.688127,80.0,8.0,50.0,800.0,0.51,450.0
2026-02-05T17:44:22.706042,80.0,8.0,50.0,800.0,0.51,450.0
2026-02-05T17:44:25.688299,80.0,8.0,50.0,800.0,0.51,450.0
2026-02-05T17:44:28.695098,80.0,8.0,50.0,800.0,0.51,450.0
2026-02-05T17:44:33.715272,80.0,8.0,50.0,800.0,0.51,450.0
2026-02-05T17:44:36.118590,80.0,8.0,50.0,800.0,0.51,450.0
2026-02-05T17:44:38.700313,80.0,8.0,50.0,800.0,0.51,450.0
2026-02-05T17:44:41.696925,80.0,8.0,50.0,800.0,0.51,450.0
2026-02-05T17:44:44.688411,80.0,8.0,50.0,800.0,0.51,450.0
2026-02-05T17:44:47.701064,80.0,8.0,50.0,800.0,0.51,450.0
2026-02-05T17:44:50.700946,80.0,8.0,50.0,800.0,0.51,450.0
2026-02-05T17:44:53.695552,80.0,8.0,50.0,800.0,0.51,450.0
2026-02-05T17:44:56.690171,80.0,8.0,50.0,800.0,0.51,450.0
2026-02-05T17:44:59.717202,80.0,8.0,50.0,800.0,0.51,450.0
2026-02-05T17:45:02.696017,80.0,8.0,50.0,800.0,0.51,450.0
2026-02-05T17:45:05.699130,80.0,8.0,50.0,800.0,0.51,450.0
2026-02-05T17:45:08.697695,80.0,8.0,50.0,800.0,0.51,450.0
2026-02-05T17:45:11.702882,80.0,8.0,50.0,800.0,0.51,450.0
2026-02-05T17:45:14.703171,80.0,8.0,50.0,800.0,0.51,450.0
2026-02-05T17:45:17.698541,80.0,8.0,50.0,800.0,0.51,450.0
2026-02-05T17:45:20.013289,80.0,8.0,50.0,800.0,0.51,450.0
2026-02-05T17:45:22.329576,80.0,8.0,50.0,800.0,0.51,450.0
2026-02-05T17:45:24.683707,80.0,8.0,50.0,800.0,0.51,450.0
2026-02-05T17:45:27.030425,80.0,8.0,50.0,800.0,0.51,450.0
2026-02-05T17:45:29.323220,80.0,8.0,50.0,800.0,0.51,450.0
2026-02-05T17:45:31.674471,80.0,8.0,50.0,800.0,0.51,450.0
2026-02-05T17:45:34.107434,80.0,8.0,50.0,800.0,0.51,450.0
2026-02-05T17:45:36.438398,80.0,8.0,50.0,800.0,0.51,450.0
2026-02-05T17:45:38.773341,80.0,8.0,50.0,800.0,0.51,450.0
2026-02-05T17:45:41.062361,80.0,8.0,50.0,800.0,0.51,450.0
2026-02-05T17:45:43.368487,80.0,8.0,50.0,800.0,0.51,450.0
2026-02-05T17:45:45.714454,80.0,8.0,50.0,800.0,0.51,450.0
2026-02-05T17:45:48.021332,80.0,8.0,50.0,800.0,0.51,450.0
2026-02-05T17:45:50.333534,80.0,8.0,50.0,800.0,0.51,450.0
2026-02-05T17:45:52.643288,80.0,8.0,50.0,800.0,0.51,450.0
2026-02-05T17:45:54.967449,80.0,8.0,50.0,800.0,0.51,450.0
2026-02-05T17:45:57.303132,80.0,8.0,50.0,800.0,0.51,450.0
2026-02-05T17:45:59.602627,80.0,8.0,50.0,800.0,0.51,450.0
2026-02-05T17:46:02.060026,80.0,8.0,50.0,800.0,0.51,450.0
2026-02-05T17:46:04.493281,80.0,8.0,50.0,800.0,0.51,450.0
2026-02-05T17:46:06.828114,80.0,8.0,50.0,800.0,0.51,450.0
2026-02-05T17:46:09.330952,80.0,8.0,50.0,800.0,0.51,450.0
2026-02-05T17:46:11.650917,80.0,8.0,50.0,800.0,0.51,450.0
2026-02-05T17:46:14.096279,80.0,8.0,50.0,800.0,0.51,450.0
2026-02-05T17:46:16.455432,80.0,8.0,50.0,800.0,0.51,450.0
2026-02-05T17:46:18.810460,80.0,8.0,50.0,800.0,0.51,450.0
2026-02-05T17:46:21.141688,80.0,8.0,50.0,800.0,0.51,450.0
2026-02-05T17:46:23.545209,80.0,8.0,50.0,800.0,0.51,450.0
2026-02-05T17:46:25.855409,80.0,8.0,50.0,800.0,0.51,450.0
2026-02-05T17:46:28.190736,80.0,8.0,50.0,800.0,0.51,450.0
2026-02-05T17:46:30.506975,80.0,8.0,50.0,800.0,0.51,450.0
2026-02-05T17:46:32.834248,80.0,8.0,50.0,800.0,0.51,450.0
2026-02-05T17:46:35.161008,80.0,8.0,50.0,800.0,0.51,450.0
2026-02-05T17:46:37.509086,80.0,8.0,50.0,800.0,0.51,450.0
2026-02-05T17:46:39.852949,80.0,8.0,50.0,800.0,0.51,450.0
2026-02-05T17:46:42.197295,80.0,8.0,50.0,800.0,0.51,450.0
2026-02-05T17:46:44.502634,80.0,8.0,50.0,800.0,0.51,450.0
2026-02-05T17:46:46.859404,80.0,8.0,50.0,800.0,0.51,450.0
2026-02-05T17:46:49.210059,80.0,8.0,50.0,800.0,0.51,450.0
2026-02-05T17:46:51.517786,80.0,8.0,50.0,800.0,0.51,450.0
2026-02-05T17:46:54.699804,80.0,8.0,50.0,800.0,0.51,450.0
2026-02-05T17:46:57.698534,80.0,8.0,50.0,800.0,0.51,450.0
2026-02-05T17:47:00.700424,80.0,8.0,50.0,800.0,0.51,450.0
2026-02-05T17:47:03.690448,80.0,8.0,50.0,800.0,0.51,450.0
2026-02-05T17:47:06.701745,80.0,8.0,50.0,800.0,0.51,450.0
2026-02-05T17:47:09.699354,80.0,8.0,50.0,800.0,0.51,450.0
2026-02-05T17:47:12.701576,80.0,8.0,50.0,800.0,0.51,450.0
2026-02-05T17:47:15.701576,80.0,8.0,50.0,800.0,0.51,450.0
2026-02-05T17:47:18.708592,80.0,8.0,50.0,800.0,0.51,450.0
2026-02-05T17:47:32.719996,80.0,8.0,50.0,800.0,0.51,450.0
2026-02-05T17:47:35.693886,80.0,8.0,50.0,800.0,0.51,450.0
2026-02-05T17:47:38.708416,80.0,8.0,50.0,800.0,0.51,450.0
2026-02-05T17:47:41.691659,80.0,8.0,50.0,800.0,0.51,450.0
2026-02-05T17:47:44.696962,80.0,8.0,50.0,800.0,0.51,450.0
2026-02-05T17:47:47.700683,80.0,8.0,50.0,800.0,0.51,450.0
2026-02-05T17:47:50.709055,80.0,8.0,50.0,800.0,0.51,450.0
2026-02-05T17:47:53.698892,80.0,8.0,50.0,800.0,0.51,450.0
2026-02-05T17:47:56.703327,80.0,8.0,50.0,800.0,0.51,450.0
2026-02-05T17:47:59.697687,80.0,8.0,50.0,800.0,0.51,450.0
2026-02-05T17:48:02.709044,80.0,8.0,50.0,800.0,0.51,450.0
2026-02-05T17:48:05.691354,80.0,8.0,50.0,800.0,0.51,450.0
2026-02-05T17:48:08.701024,80.0,8.0,50.0,800.0,0.51,450.0
2026-02-05T17:48:11.695911,80.0,8.0,50.0,800.0,0.51,450.0
2026-02-05T17:48:14.702482,80.0,8.0,50.0,800.0,0.51,450.0
2026-02-05T17:48:17.689725,80.0,8.0,50.0,800.0,0.51,450.0
2026-02-05T17:48:20.704058,80.0,8.0,50.0,800.0,0.51,450.0
2026-02-05T17:48:23.697366,80.0,8.0,50.0,800.0,0.51,450.0
2026-02-05T17:48:26.707935,80.0,8.0,50.0,800.0,0.51,450.0
2026-02-05T17:48:29.698664,80.0,8.0,50.0,800.0,0.51,450.0
2026-02-05T17:48:32.704195,80.0,8.0,50.0,800.0,0.51,450.0
2026-02-05T17:48:35.689070,80.0,8.0,50.0,800.0,0.51,450.0
2026-02-05T17:48:38.703214,80.0,8.0,50.0,800.0,0.51,450.0
2026-02-05T17:48:41.698275,80.0,8.0,50.0,800.0,0.51,450.0
2026-02-05T17:48:44.742505,80.0,8.0,50.0,800.0,0.51,450.0
2026-02-05T17:48:47.693649,80.0,8.0,50.0,800.0,0.51,450.0
2026-02-05T17:48:50.697797,80.0,8.0,50.0,800.0,0.51,450.0
2026-02-05T17:48:53.701198,80.0,8.0,50.0,800.0,0.51,450.0
2026-02-05T17:48:56.709149,80.0,8.0,50.0,800.0,0.51,450.0
2026-02-05T17:48:59.691430,80.0,8.0,50.0,800.0,0.51,450.0
2026-02-05T17:49:02.702638,80.0,8.0,50.0,800.0,0.51,450.0
2026-02-05T17:49:05.695743,80.0,8.0,50.0,800.0,0.51,450.0
2026-02-05T17:49:08.699588,80.0,8.0,50.0,800.0,0.51,450.0
2026-02-05T17:49:11.692628,80.0,8.0,50.0,800.0,0.51,450.0
2026-02-05T17:49:14.701820,80.0,8.0,50.0,800.0,0.51,450.0
2026-02-05T17:49:17.696303,80.0,8.0,50.0,800.0,0.51,450.0
2026-02-05T17:49:20.702033,80.0,8.0,50.0,800.0,0.51,450.0
2026-02-05T17:49:23.693455,80.0,8.0,50.0,800.0,0.51,450.0
2026-02-05T17:49:26.707898,80.0,8.0,50.0,800.0,0.51,450.0
2026-02-05T17:49:29.699138,80.0,8.0,50.0,800.0,0.51,450.0
2026-02-05T17:49:32.701527,80.0,8.0,50.0,800.0,0.51,450.0
2026-02-05T17:49:35.692748,80.0,8.0,50.0,800.0,0.51,450.0
2026-02-05T17:49:38.705996,80.0,8.0,50.0,800.0,0.51,450.0
2026-02-05T17:49:41.702149,80.0,8.0,50.0,800.0,0.51,450.0
2026-02-05T17:49:44.700257,80.0,8.0,50.0,800.0,0.51,450.0
2026-02-05T17:49:47.687991,80.0,8.0,50.0,800.0,0.51,450.0
2026-02-05T17:49:50.702544,80.0,8.0,50.0,800.0,0.51,450.0
2026-02-05T17:59:19.342691,80.0,8.0,50.0,800.0,0.51,450.0
2026-02-05T17:59:22.250266,80.0,8.0,50.0,800.0,0.51,450.0
2026-02-05T17:59:24.592664,80.0,8.0,50.0,800.0,0.51,450.0
2026-02-05T17:59:27.701747,80.0,8.0,50.0,800.0,0.51,450.0
2026-02-05T17:59:30.702555,80.0,8.0,50.0,800.0,0.51,450.0
2026-02-05T17:59:33.692854,80.0,8.0,50.0,800.0,0.51,450.0
2026-02-05T17:59:36.707055,80.0,8.0,50.0,800.0,0.51,450.0
2026-02-05T17:59:39.690561,80.0,8.0,50.0,800.0,0.51,450.0
2026-02-05T17:59:42.706727,80.0,8.0,50.0,800.0,0.51,450.0
2026-02-05T17:59:45.699967,80.0,8.0,50.0,800.0,0.51,450.0
2026-02-05T17:59:48.700922,80.0,8.0,50.0,800.0,0.51,450.0
2026-02-05T17:59:51.691059,80.0,8.0,50.0,800.0,0.51,450.0
2026-02-05T17:59:54.692206,80.0,8.0,50.0,800.0,0.51,450.0
2026-02-05T17:59:57.697499,80.0,8.0,50.0,800.0,0.51,450.0
2026-02-05T18:00:00.700864,80.0,8.0,50.0,800.0,0.51,450.0
2026-02-05T18:00:03.689793,80.0,8.0,50.0,800.0,0.51,450.0
2026-02-05T18:00:06.704687,80.0,8.0,50.0,800.0,0.51,450.0
2026-02-05T18:00:09.697040,80.0,8.0,50.0,800.0,0.51,450.0
2026-02-05T18:00:12.704395,80.0,8.0,50.0,800.0,0.51,450.0
2026-02-05T18:00:15.694415,80.0,8.0,50.0,800.0,0.51,450.0
2026-02-05T18:00:18.696377,80.0,8.0,50.0,800.0,0.51,450.0
2026-02-05T18:00:21.692387,80.0,8.0,50.0,800.0,0.51,450.0
2026-02-05T18:00:24.706527,80.0,8.0,50.0,800.0,0.51,450.0
2026-02-05T18:00:27.692473,80.0,8.0,50.0,800.0,0.51,450.0
2026-02-05T18:00:30.699540,80.0,8.0,50.0,800.0,0.51,450.0
2026-02-05T18:00:33.702077,80.0,8.0,50.0,800.0,0.51,450.0
2026-02-05T18:00:36.704284,80.0,8.0,50.0,800.0,0.51,450.0
2026-02-05T18:00:39.691231,80.0,8.0,50.0,800.0,0.51,450.0
2026-02-05T18:00:42.701871,80.0,8.0,50.0,800.0,0.51,450.0
2026-02-05T18:00:45.702410,80.0,8.0,50.0,800.0,0.51,450.0
2026-02-05T18:00:48.707534,80.0,8.0,50.0,800.0,0.51,450.0
2026-02-05T18:00:51.696651,80.0,8.0,50.0,800.0,0.51,450.0
2026-02-05T18:02:53.214735,80.0,8.0,50.0,800.0,0.51,450.0
2026-02-05T18:02:55.690082,80.0,8.0,50.0,800.0,0.51,450.0
2026-02-05T18:02:58.839857,80.0,8.0,50.0,800.0,0.51,450.0
2026-02-05T18:03:07.118499,80.0,8.0,50.0,800.0,0.51,450.0
2026-02-05T18:03:09.455453,80.0,8.0,50.0,800.0,0.51,450.0
2026-02-05T18:03:12.701472,80.0,8.0,50.0,800.0,0.51,450.0
2026-02-05T18:03:14.985952,80.0,8.0,50.0,800.0,0.51,450.0
2026-02-05T18:03:16.997421,80.0,8.0,50.0,800.0,0.51,450.0
2026-02-05T18:03:18.987280,80.0,8.0,50.0,800.0,0.51,450.0
2026-02-05T18:03:20.994023,80.0,8.0,50.0,800.0,0.51,450.0
2026-02-05T18:03:23.688403,80.0,8.0,50.0,800.0,0.51,450.0
2026-02-05T18:03:25.704444,80.0,8.0,50.0,800.0,0.51,450.0
2026-02-05T18:03:27.721212,80.0,8.0,50.0,800.0,0.51,450.0
2026-02-05T18:03:28.989201,80.0,8.0,50.0,800.0,0.51,450.0
2026-02-05T18:03:52.269162,80.0,8.0,50.0,800.0,0.51,450.0
2026-02-05T18:03:54.572809,80.0,8.0,50.0,800.0,0.51,450.0
2026-02-05T18:03:56.853169,80.0,8.0,50.0,800.0,0.51,450.0
2026-02-05T18:03:59.156099,80.0,8.0,50.0,800.0,0.51,450.0
2026-02-05T18:04:01.414592,80.0,8.0,50.0,800.0,0.51,450.0
2026-02-05T18:04:03.679305,80.0,8.0,50.0,800.0,0.51,450.0
2026-02-05T18:04:06.012718,80.0,8.0,50.0,800.0,0.51,450.0
2026-02-05T18:04:08.696877,80.0,8.0,50.0,800.0,0.51,450.0
2026-02-05T18:04:11.706226,80.0,8.0,50.0,800.0,0.51,450.0
2026-02-05T18:04:14.699877,80.0,8.0,50.0,800.0,0.51,450.0
2026-02-05T18:04:16.994687,80.0,8.0,50.0,800.0,0.51,450.0
2026-02-05T18:04:19.702265,80.0,8.0,50.0,800.0,0.51,450.0
2026-02-05T18:04:22.695588,80.0,8.0,50.0,800.0,0.51,450.0
2026-02-05T18:04:25.698512,80.0,8.0,50.0,800.0,0.51,450.0
2026-02-05T18:04:27.986710,80.0,8.0,50.0,800.0,0.51,450.0
2026-02-06T02:44:59.365872,80.0,8.0,50.0,800.0,0.51,450.0
2026-02-06T02:45:01.819506,80.0,8.0,50.0,800.0,0.51,450.0
2026-02-06T02:45:04.185788,80.0,8.0,50.0,800.0,0.51,450.0
2026-02-06T02:45:06.445664,80.0,8.0,50.0,800.0,0.51,450.0
2026-02-06T02:45:08.713596,80.0,8.0,50.0,800.0,0.51,450.0
2026-02-06T02:45:11.563362,80.0,8.0,50.0,800.0,0.51,450.0
2026-02-06T02:45:31.266654,80.0,8.0,50.0,800.0,0.51,450.0
2026-02-06T02:45:33.565410,80.0,8.0,50.0,800.0,0.51,450.0
2026-02-06T02:45:35.833097,80.0,8.0,50.0,800.0,0.51,450.0
2026-02-06T02:45:38.555605,80.0,8.0,50.0,800.0,0.51,450.0
2026-02-06T02:45:41.558413,80.0,8.0,50.0,800.0,0.51,450.0
2026-02-06T02:48:42.560598,80.0,8.0,50.0,800.0,0.51,450.0
2026-02-06T02:48:45.054507,80.0,8.0,50.0,800.0,0.51,450.0
2026-02-06T02:48:47.334425,80.0,8.0,50.0,800.0,0.51,450.0
2026-02-06T02:48:49.626937,80.0,8.0,50.0,800.0,0.51,450.0
2026-02-06T02:48:51.889012,80.0,8.0,50.0,800.0,0.51,450.0
2026-02-06T02:48:54.550465,80.0,8.0,50.0,800.0,0.51,450.0
